company,firstName,lastName,title,profileUrl,message
Vann Family Orchards,Fernando,Narvaez,CFO,https://www.linkedin.com/in/fernando-narvaez-74b8259,"Fernando, we connected a while ago and I never followed up, so here I am doing it late.

I work FX and cross border payments at Monex USA. Orchard operations tend to have currency exposure in two places nobody budgets for, imported inputs and export sales, and the two rarely net out the way people expect.

Does either of those sit in your seat at Vann Family?

Marcel"
Capitol City Produce,Paul,Ferachi,Owner and CEO,http://www.linkedin.com/in/paul-ferachi-05161037b,"Paul, we connected recently and I never wrote, which I should have.

I run FX and cross border payments at Monex USA. Most produce distributors your size are buying Mexican product through a broker who prices in dollars, which feels like it removes the currency risk but really just moves it into the price.

Is that how Capitol City buys, or do you source direct?

Marcel"
Monte Vista Farming,Elena,Tavares,Chief Financial Officer,http://www.linkedin.com/in/elena-tavares-a218939,"Elena, we connected a while back and I never followed up, so let me do that properly.

I run FX and cross border payments at Monex USA. Almond processors tend to carry the currency risk on the sell side rather than the buy side, since the buyers are overseas and the pricing conversation happens in their currency even when the invoice is in dollars.

Is that something Monte Vista manages actively, or does it mostly sit where it lands?

Marcel"
Gulf Coast Produce Distributors,Christi,Alise,President and Owner,http://www.linkedin.com/in/christi-alise-a753a374,"Christi, we connected some time back and I never followed up properly.

I handle FX and cross border payments at Monex USA. When a distributor buys Mexican product priced in dollars, the exchange rate is still in there, it has just been set by whoever is selling rather than negotiated.

How is Gulf Coast buying at the moment, direct or through brokers?

Marcel"
Nova World Fresh,Alan,Arredondo,Founder and CEO,http://www.linkedin.com/in/alan-arredondo-50ba7b114,"Alan, we connected a while back and I have not written since. Correcting that.

I work FX and cross border payments at Monex USA. Founder led importers usually end up paying suppliers through whichever bank opened the account first, and that rate rarely gets revisited once the business starts moving.

Has anyone looked at what that leg costs Nova World?

Marcel"
T H Gonzalez,Jennifer,Ayers,VP Customs Operations,http://www.linkedin.com/in/jennifer-ayers-1868402a,"Jennifer, we connected recently and I never followed up, so let me do it now.

I run FX and cross border payments at Monex USA. A brokerage moving freight both directions ends up settling with Mexican carriers and agents on behalf of US clients, which makes the conversion someone's problem even though it is nobody's job.

Where does that sit at T H Gonzalez?

Marcel"
Circle Logistics,Esteban,Sartorio,President and CEO,http://www.linkedin.com/in/esteban-jose-sartorio-b4608b49,"Esteban, we connected a while ago and I never wrote. Fixing that.

I handle FX and cross border payments at Monex USA. Circle has a Mexico operation, and carriers on that side get paid in pesos out of a US entity, which is a conversion that usually goes years without being priced properly.

Is that handled in house or through the bank?

Marcel"
Kotick Cold JV,Juan Emilio,Villarreal,Co-founder and President,http://www.linkedin.com/in/juan-emilio-villarreal-b668913b,"Juan Emilio, we connected some time back and I never followed up.

I work FX and cross border payments at Monex USA. Cold chain out of Laredo means paying Mexican carriers and yards from a US entity, often weekly, and weekly volume is where a bad rate compounds fastest.

How is Kotick Cold handling that side today?

Marcel"
Ahern Agribusiness,Ohad,Gold,Chief Financial Officer,https://www.linkedin.com/in/ohad-gold/,"Ohad, we connected recently and I have not written since, which I want to fix.

I handle FX and cross border payments at Monex USA. A seed business run out of Otay Mesa with growers on the Mexico side usually ends up paying those costs from a US entity, and the conversion tends to sit inside the rate rather than show up as a fee.

Who handles that side of it at Ahern?

Marcel"
